chain_requested,name,brand,operator,category,shop,amenity,tourism,leisure,street,housenumber,postcode,city,country,address_formatted,address_quality,latitude,longitude,osm_type,osm_id,source
Max,Max,Max,Max,Food & restaurants,,fast_food,,,,,,,Sweden,"65.81734,21.707994",coordinates_only,65.81734,21.707994,node,246008294,OpenStreetMap via Overpass API
Max,Max,Max,MAX Sverige AB,Food & restaurants,,fast_food,,,Ålgårdsvägen,16,50630,Borås,Sweden,Ålgårdsvägen 16 50630 Borås Sweden,strict,57.7338199,12.9342805,node,246008297,OpenStreetMap via Overpass API
Max,Max,Max,Max,Food & restaurants,,fast_food,,,Norra Kungsgatan,45,80323,Gävle,Sweden,Norra Kungsgatan 45 80323 Gävle Sweden,strict,60.6807851,17.1369103,node,246008299,OpenStreetMap via Overpass API
Max,Max,Max,Max,Food & restaurants,,fast_food,,,Norra Esplanaden,8,95331,,Sweden,Norra Esplanaden 8 95331 Sweden,usable,65.8410091,24.1334005,node,246008301,OpenStreetMap via Overpass API
Max,Max,Max,Max,Food & restaurants,,fast_food,,,Södergatan,15,252 25,Helsingborg,Sweden,Södergatan 15 252 25 Helsingborg Sweden,strict,56.0406592,12.7021203,node,246008304,OpenStreetMap via Overpass API
Max,Max,Max,Max,Food & restaurants,,fast_food,,,,,,,Sweden,"59.3790578,13.4240645",coordinates_only,59.3790578,13.4240645,node,246008311,OpenStreetMap via Overpass API
Max,Max,Max,Max,Food & restaurants,,fast_food,,,Norra Svedengatan,11A,582 73,Linköping,Sweden,Norra Svedengatan 11A 582 73 Linköping Sweden,strict,58.4347928,15.5935371,node,246008313,OpenStreetMap via Overpass API
Max,Max,Max,Max,Food & restaurants,,fast_food,,,Storhedsvägen,1C,97345,Luleå,Sweden,Storhedsvägen 1C 97345 Luleå Sweden,strict,65.6181152,22.0415207,node,246008318,OpenStreetMap via Overpass API
Max,Max,Max,Max,Food & restaurants,,fast_food,,,,,,,Sweden,"57.7374972,12.105371",coordinates_only,57.7374972,12.105371,node,246008324,OpenStreetMap via Overpass API
Max,Max,Max,Max,Food & restaurants,,fast_food,,,,,,,Sweden,"59.3327363,18.0718982",coordinates_only,59.3327363,18.0718982,node,246008327,OpenStreetMap via Overpass API
Max,Max,Max,Max,Food & restaurants,,fast_food,,,,,,,Sweden,"59.3021163,18.1034556",coordinates_only,59.3021163,18.1034556,node,246008329,OpenStreetMap via Overpass API
Max,Max,Max,Max,Food & restaurants,,fast_food,,,Huvudstagatan,2-4,,Solna,Sweden,Huvudstagatan 2-4 Solna Sweden,usable,59.3603033,17.9943808,node,246008330,OpenStreetMap via Overpass API
Max,Max,Max,Max,Food & restaurants,,fast_food,,,,,,,Sweden,"59.3323106,18.0573765",coordinates_only,59.3323106,18.0573765,node,246008332,OpenStreetMap via Overpass API
Max,Max,Max,Max,Food & restaurants,,fast_food,,,Landsvägsallén,5,852 38,,Sweden,Landsvägsallén 5 852 38 Sweden,usable,62.3869923,17.3195289,node,246008334,OpenStreetMap via Overpass API
Max,Max,Max,Max,Food & restaurants,,fast_food,,,Kungsgatan,30,46130,Trollhättan,Sweden,Kungsgatan 30 46130 Trollhättan Sweden,strict,58.2853099,12.291363,node,246008336,OpenStreetMap via Overpass API
Max,Max,Max,Max,Food & restaurants,,fast_food,,,Västra esplanaden,20,,Umeå,Sweden,Västra esplanaden 20 Umeå Sweden,usable,63.82979,20.25942,node,246008338,OpenStreetMap via Overpass API
Max,Max,Max,Max,Food & restaurants,,fast_food,,,Kungsgatan,63,903 26,Umeå,Sweden,Kungsgatan 63 903 26 Umeå Sweden,strict,63.8257883,20.2642267,node,246008339,OpenStreetMap via Overpass API
Max,Max,Max,Max,Food & restaurants,,fast_food,,,Stora Torget,6-8,753 20,,Sweden,Stora Torget 6-8 753 20 Sweden,usable,59.858864,17.6386469,node,246008342,OpenStreetMap via Overpass API
Max,Max,Max,Max,Food & restaurants,,fast_food,,,Årevägen,108H,837 52,Åre,Sweden,Årevägen 108H 837 52 Åre Sweden,strict,63.4004715,13.0778543,node,246008349,OpenStreetMap via Overpass API
Max,Max,Max,Max,Food & restaurants,,fast_food,,,,,,,Sweden,"59.2668442,15.2239562",coordinates_only,59.2668442,15.2239562,node,246008352,OpenStreetMap via Overpass API
Max,Max,Max,Max,Food & restaurants,,fast_food,,,,,,,Sweden,"59.3362369,18.0703739",coordinates_only,59.3362369,18.0703739,node,449884278,OpenStreetMap via Overpass API
Max,Max,Max,Max,Food & restaurants,,fast_food,,,,,,,Sweden,"57.7065896,11.979259",coordinates_only,57.7065896,11.979259,node,465211083,OpenStreetMap via Overpass API
Max,Max,Max,Max Hamburgerrestauranger AB,Food & restaurants,,fast_food,,,Timmermansgatan,19C,972 31,Luleå,Sweden,Timmermansgatan 19C 972 31 Luleå Sweden,strict,65.585282,22.1543412,node,487714966,OpenStreetMap via Overpass API
Max,Max,Max,Max,Food & restaurants,,fast_food,,,,,,,Sweden,"62.4422422,17.3445488",coordinates_only,62.4422422,17.3445488,node,530589855,OpenStreetMap via Overpass API
Max,Max,Max,,Food & restaurants,,fast_food,,,,,,,Sweden,"57.6951633,11.9909756",coordinates_only,57.6951633,11.9909756,node,631687823,OpenStreetMap via Overpass API
Max,Max,Max,Max,Food & restaurants,,fast_food,,,,,,,Sweden,"59.402939,17.9466205",coordinates_only,59.402939,17.9466205,node,772330091,OpenStreetMap via Overpass API
Max,Max,Max,Max,Food & restaurants,,fast_food,,,,,,,Sweden,"56.6675808,16.3541862",coordinates_only,56.6675808,16.3541862,node,1620119416,OpenStreetMap via Overpass API
Max,"Max i Kalmar, Hansa city/Guldfågeln Arena",Max Hamburgerrestauranger,Max,Food & restaurants,,fast_food,,,Trångsundsvägen,40,393 56,Kalmar,Sweden,Trångsundsvägen 40 393 56 Kalmar Sweden,strict,56.6907109,16.3154005,node,1675514944,OpenStreetMap via Overpass API
Max,Max,Max,,Food & restaurants,,fast_food,,,Hyllie stationsväg,22,21532,Malmö,Sweden,Hyllie stationsväg 22 21532 Malmö Sweden,strict,55.5644342,12.9721827,node,1985855398,OpenStreetMap via Overpass API
Max,Max,Max,Max,Food & restaurants,,fast_food,,,,,,,Sweden,"59.3354163,18.0624148",coordinates_only,59.3354163,18.0624148,node,2014176496,OpenStreetMap via Overpass API
Max,Max,Max,,Food & restaurants,,fast_food,,,,,,,Sweden,"57.6950908,11.9939317",coordinates_only,57.6950908,11.9939317,node,2288918077,OpenStreetMap via Overpass API
Max,Max,Max,Max,Food & restaurants,,fast_food,,,,,,,Sweden,"59.0643336,11.2080851",coordinates_only,59.0643336,11.2080851,node,2309162297,OpenStreetMap via Overpass API
Max,Max,Max,,Food & restaurants,,fast_food,,,Midgårdsvägen,24D,973 34,Luleå,Sweden,Midgårdsvägen 24D 973 34 Luleå Sweden,strict,65.602469,22.1387866,node,2317059674,OpenStreetMap via Overpass API
Max,Max,Max,Max,Food & restaurants,,fast_food,,,,,,,Sweden,"59.3468506,18.0327712",coordinates_only,59.3468506,18.0327712,node,2824351742,OpenStreetMap via Overpass API
Max,Max,Max,,Food & restaurants,,fast_food,,,,,,,Sweden,"59.3505928,17.95733",coordinates_only,59.3505928,17.95733,node,3208049240,OpenStreetMap via Overpass API
Max,Max,Max,,Food & restaurants,,fast_food,,,Lerbovägen,2A,18161,Lidingö,Sweden,Lerbovägen 2A 18161 Lidingö Sweden,strict,59.349377,18.1495405,node,3544751879,OpenStreetMap via Overpass API
Max,Max,Max,MAX,Food & restaurants,,fast_food,,,Skålmyrsvägen,51,79250,Mora,Sweden,Skålmyrsvägen 51 79250 Mora Sweden,strict,61.0067915,14.60541,node,4334146849,OpenStreetMap via Overpass API
Max,Max,Max,,Food & restaurants,,fast_food,,,,,,,Sweden,"57.6672219,12.2949348",coordinates_only,57.6672219,12.2949348,node,4520847397,OpenStreetMap via Overpass API
Max,Max,Max,,Food & restaurants,,fast_food,,,,,,,Sweden,"57.6935414,11.9950573",coordinates_only,57.6935414,11.9950573,node,5297592456,OpenStreetMap via Overpass API
Max,Max,Max,,Food & restaurants,,fast_food,,,Kamremsgatan,1-5,43232,,Sweden,Kamremsgatan 1-5 43232 Sweden,usable,57.1221735,12.2675945,node,5728324121,OpenStreetMap via Overpass API
Max,Max,Max,,Food & restaurants,,fast_food,,,,,,,Sweden,"64.7674768,21.0200944",coordinates_only,64.7674768,21.0200944,node,6243859018,OpenStreetMap via Overpass API
Max,Max,Max,,Food & restaurants,,fast_food,,,,,,,Sweden,"59.3155267,18.0730649",coordinates_only,59.3155267,18.0730649,node,6402220064,OpenStreetMap via Overpass API
Max,Max,Max,,Food & restaurants,,fast_food,,,Firmagatan,1,21376,Malmö,Sweden,Firmagatan 1 21376 Malmö Sweden,strict,55.5479316,13.0337355,node,6439644393,OpenStreetMap via Overpass API
Max,Max,Max,,Food & restaurants,,fast_food,,,Företagsvägen,2,261 51,Landskrona,Sweden,Företagsvägen 2 261 51 Landskrona Sweden,strict,55.8755764,12.8863455,node,6439676795,OpenStreetMap via Overpass API
Max,Max,Max,Max,Food & restaurants,,fast_food,,,,,,Solna,Sweden,Solna Sweden,usable,59.3707796,18.0020914,node,6865800831,OpenStreetMap via Overpass API
Max,Max,Max,,Food & restaurants,,fast_food,,,,,,,Sweden,"59.4437128,18.0715158",coordinates_only,59.4437128,18.0715158,node,6935874147,OpenStreetMap via Overpass API
Max,Max,Max,,Food & restaurants,,fast_food,,,,,,,Sweden,"59.3338198,18.0324945",coordinates_only,59.3338198,18.0324945,node,7077223445,OpenStreetMap via Overpass API
Max,Max,Max,,Food & restaurants,,fast_food,,,,,,,Sweden,"60.4847718,15.4178476",coordinates_only,60.4847718,15.4178476,node,8557570480,OpenStreetMap via Overpass API
Max,Max,Max,,Food & restaurants,,fast_food,,,,,,,Sweden,"59.2601868,18.1034994",coordinates_only,59.2601868,18.1034994,node,9286811234,OpenStreetMap via Overpass API
Max,Max,Max,,Food & restaurants,,fast_food,,,,,,,Sweden,"59.3426927,18.0509517",coordinates_only,59.3426927,18.0509517,node,9793570982,OpenStreetMap via Overpass API
Max,Max,Max,,Food & restaurants,,fast_food,,,Kaptensgatan,15,87152,Härnösand,Sweden,Kaptensgatan 15 87152 Härnösand Sweden,strict,62.6356017,17.9249561,node,9822261752,OpenStreetMap via Overpass API
Max,Max,Max,,Food & restaurants,,fast_food,,,,,,,Sweden,"59.3325857,18.0643791",coordinates_only,59.3325857,18.0643791,node,9980008817,OpenStreetMap via Overpass API
Max,Max,Max,,Food & restaurants,,fast_food,,,,,,,Sweden,"57.5119906,12.0788437",coordinates_only,57.5119906,12.0788437,node,10971279273,OpenStreetMap via Overpass API
Max,Max,Max,Max Hamburgare,Food & restaurants,,fast_food,,,,,,,Sweden,"57.7244261,12.9895183",coordinates_only,57.7244261,12.9895183,node,11500494277,OpenStreetMap via Overpass API
Max,Max,Max,,Food & restaurants,,fast_food,,,,,,,Sweden,"55.5970708,13.0015868",coordinates_only,55.5970708,13.0015868,node,11791943025,OpenStreetMap via Overpass API
Max,Max,Max,,Food & restaurants,,fast_food,,,,,,,Sweden,"59.2009026,17.6642163",coordinates_only,59.2009026,17.6642163,node,12066062162,OpenStreetMap via Overpass API
Max,Max,Max,,Food & restaurants,,fast_food,,,Barnhemsgatan,32,43130,Mölndal,Sweden,Barnhemsgatan 32 43130 Mölndal Sweden,strict,57.6547768,12.0145946,node,12170654886,OpenStreetMap via Overpass API
Max,Max,Max,,Food & restaurants,,fast_food,,,Rågången,2,57138,Nässjö,Sweden,Rågången 2 57138 Nässjö Sweden,strict,57.6479349,14.7320557,node,12170656554,OpenStreetMap via Overpass API
Max,Max,Max,,Food & restaurants,,fast_food,,,Törnebyvägen,1,392 41,Kalmar,Sweden,Törnebyvägen 1 392 41 Kalmar Sweden,strict,56.6704886,16.3038175,node,13873869586,OpenStreetMap via Overpass API
Max,Max,Max,Max,Food & restaurants,,fast_food,,,Folkungav/G:a Enköpingsv,,177 38,Järfälla,Sweden,Folkungav/G:a Enköpingsv 177 38 Järfälla Sweden,usable,59.4207534,17.8541143,way,15676160,OpenStreetMap via Overpass API
Max,Max,Max,Max,Food & restaurants,,fast_food,,,Lallerstedts gata,5,,Karlskrona,Sweden,Lallerstedts gata 5 Karlskrona Sweden,usable,56.1953167,15.6322311,way,25620656,OpenStreetMap via Overpass API
Max,Max,Max,,Food & restaurants,,fast_food,,,,,,,Sweden,"59.0875012,17.6023989",coordinates_only,59.0875012,17.6023989,way,27560139,OpenStreetMap via Overpass API
Max,Max,Max,Max,Food & restaurants,,fast_food,,,Bolandsgatan,22,753 23,Uppsala,Sweden,Bolandsgatan 22 753 23 Uppsala Sweden,strict,59.8504605,17.6908636,way,35111166,OpenStreetMap via Overpass API
Max,Max,Max,Max,Food & restaurants,,fast_food,,,Bangårdsgatan,10,83134,Östersund,Sweden,Bangårdsgatan 10 83134 Östersund Sweden,strict,63.1672011,14.643636,way,43343970,OpenStreetMap via Overpass API
Max,Max,Max,Max,Food & restaurants,,fast_food,,,Sisjö Kullegata,2,42132,,Sweden,Sisjö Kullegata 2 42132 Sweden,usable,57.6444958,11.9562745,way,51877153,OpenStreetMap via Overpass API
Max,Max,Max,,Food & restaurants,,fast_food,,,Bryggarvägen,3,147 30,Tumba,Sweden,Bryggarvägen 3 147 30 Tumba Sweden,strict,59.1985564,17.841721,way,54947593,OpenStreetMap via Overpass API
Max,Max,Max,,Food & restaurants,,fast_food,,,Axel Adlers Gata,2,,,Sweden,Axel Adlers Gata 2 Sweden,usable,57.6476917,11.9341824,way,82260826,OpenStreetMap via Overpass API
Max,Max,Max,Max,Food & restaurants,,fast_food,,,Kung Oskars väg,12,,Lund,Sweden,Kung Oskars väg 12 Lund Sweden,usable,55.7115582,13.1818105,way,88257205,OpenStreetMap via Overpass API
Max,Max,Max,Max,Food & restaurants,,fast_food,,,Förhandlingsvägen,1,,Lund,Sweden,Förhandlingsvägen 1 Lund Sweden,usable,55.7160928,13.1561578,way,88277409,OpenStreetMap via Overpass API
Max,Max,Max,Max,Food & restaurants,,fast_food,,,Södra Kungsvägen,8,80251,Gävle,Sweden,Södra Kungsvägen 8 80251 Gävle Sweden,strict,60.6600884,17.1604938,way,88304259,OpenStreetMap via Overpass API
Max,Max,Max,Max,Food & restaurants,,fast_food,,,,,,,Sweden,"59.202337,17.6093168",coordinates_only,59.202337,17.6093168,way,89366421,OpenStreetMap via Overpass API
Max,Max,Max,Max,Food & restaurants,,fast_food,,,,,,,Sweden,"57.773393,14.176369",coordinates_only,57.773393,14.176369,way,95117036,OpenStreetMap via Overpass API
Max,Max,Max,Max,Food & restaurants,,fast_food,,,Aspögatan,1,582 78,Linköping,Sweden,Aspögatan 1 582 78 Linköping Sweden,strict,58.4177593,15.657257,way,95736889,OpenStreetMap via Overpass API
Max,Max,Max,Max,Food & restaurants,,fast_food,,,Norra Promenaden,90,602 22,Norrköping,Sweden,Norra Promenaden 90 602 22 Norrköping Sweden,strict,58.5973349,16.1907268,way,97870894,OpenStreetMap via Overpass API
Max,Max,Max,Max,Food & restaurants,,fast_food,,,Våxnäsgatan,158,653 39,Karlstad,Sweden,Våxnäsgatan 158 653 39 Karlstad Sweden,strict,59.3813367,13.4682527,way,100772129,OpenStreetMap via Overpass API
Max,Max,Max,Max,Food & restaurants,,fast_food,,,,,,,Sweden,"56.8778358,14.774786",coordinates_only,56.8778358,14.774786,way,102730459,OpenStreetMap via Overpass API
Max,Max,Max,Max,Food & restaurants,,fast_food,,,,,,,Sweden,"59.8686182,17.6576445",coordinates_only,59.8686182,17.6576445,way,104138515,OpenStreetMap via Overpass API
Max,Max,Max,,Food & restaurants,,fast_food,,,Ytterbyvägen,18,183 30,Täby,Sweden,Ytterbyvägen 18 183 30 Täby Sweden,strict,59.4344775,18.0664941,way,125889398,OpenStreetMap via Overpass API
Max,Max,Max,Max,Food & restaurants,,fast_food,,,Kundvägen,2,,Örebro,Sweden,Kundvägen 2 Örebro Sweden,usable,59.2129267,15.1347471,way,127191477,OpenStreetMap via Overpass API
Max,Max,Max,Max Hamburgerrestauranger AB,Food & restaurants,,fast_food,,,,,,,Sweden,"59.3748452,16.4700422",coordinates_only,59.3748452,16.4700422,way,127195248,OpenStreetMap via Overpass API
Max,Max,Max,Max,Food & restaurants,,fast_food,,,,,,,Sweden,"57.7651915,14.1528065",coordinates_only,57.7651915,14.1528065,way,134323383,OpenStreetMap via Overpass API
Max,Max,Max,Max,Food & restaurants,,fast_food,,,,,,,Sweden,"59.2434081,17.8352205",coordinates_only,59.2434081,17.8352205,way,143863232,OpenStreetMap via Overpass API
Max,Max,Max,Max,Food & restaurants,,fast_food,,,Traversgatan,3,721 38,Västerås,Sweden,Traversgatan 3 721 38 Västerås Sweden,strict,59.6128908,16.4671821,way,145560622,OpenStreetMap via Overpass API
Max,Max,Max,Max,Food & restaurants,,fast_food,,,,,,,Sweden,"59.3249316,14.5249289",coordinates_only,59.3249316,14.5249289,way,153184729,OpenStreetMap via Overpass API
Max,Max,Max,,Food & restaurants,,fast_food,,,Strömledningsgatan,1A,,Västerås,Sweden,Strömledningsgatan 1A Västerås Sweden,usable,59.6376202,16.5596421,way,155169177,OpenStreetMap via Overpass API
Max,Max,Max,Max,Food & restaurants,,fast_food,,,Rondellplan,9,89131,Örnsköldsvik,Sweden,Rondellplan 9 89131 Örnsköldsvik Sweden,strict,63.2907518,18.705081,way,156994704,OpenStreetMap via Overpass API
Max,Max,Max,,Food & restaurants,,fast_food,,,,2,331 44,Värnamo,Sweden,2 331 44 Värnamo Sweden,usable,57.1635352,14.0751946,way,157961452,OpenStreetMap via Overpass API
Max,Max,Max,Max,Food & restaurants,,fast_food,,,Fältmätargatan,26,,Västerås,Sweden,Fältmätargatan 26 Västerås Sweden,usable,59.6128417,16.6136105,way,159067380,OpenStreetMap via Overpass API
Max,Max,Max,Max,Food & restaurants,,fast_food,,,Åkrerondellen,7,,Borlänge,Sweden,Åkrerondellen 7 Borlänge Sweden,usable,60.4770767,15.4363076,way,162363518,OpenStreetMap via Overpass API
Max,Max,Max,Max,Food & restaurants,,fast_food,,,Boglundsgatan,2,,,Sweden,Boglundsgatan 2 Sweden,usable,59.2972929,15.2032392,way,180152881,OpenStreetMap via Overpass API
Max,Max,Max,Max,Food & restaurants,,fast_food,,,,,,,Sweden,"57.7243051,12.0294295",coordinates_only,57.7243051,12.0294295,way,181324160,OpenStreetMap via Overpass API
Max,Max,Max,Max,Food & restaurants,,fast_food,,,Snösvängen,1,302 60,Halmstad,Sweden,Snösvängen 1 302 60 Halmstad Sweden,strict,56.6587346,12.9076882,way,186741109,OpenStreetMap via Overpass API
Max,Max,Max,Max,Food & restaurants,,fast_food,,,Anes väg,4,46170,,Sweden,Anes väg 4 46170 Sweden,usable,58.3154672,12.3060474,way,187263080,OpenStreetMap via Overpass API
Max,Max,Max,Max,Food & restaurants,,fast_food,,,Cypressvägen,6A,213 63,Malmö,Sweden,Cypressvägen 6A 213 63 Malmö Sweden,strict,55.5727449,13.0383643,way,191453709,OpenStreetMap via Overpass API
Max,Max,Max,,Food & restaurants,,fast_food,,,,,,,Sweden,"59.1998471,18.1290541",coordinates_only,59.1998471,18.1290541,way,195119364,OpenStreetMap via Overpass API
Max,Max,Max,,Food & restaurants,,fast_food,,,Kanalgatan,50,,,Sweden,Kanalgatan 50 Sweden,usable,64.7508311,20.9599522,way,201327297,OpenStreetMap via Overpass API
Max,Max,Max,Max,Food & restaurants,,fast_food,,,Schéelegatan,10,,,Sweden,Schéelegatan 10 Sweden,usable,57.6374037,18.303765,way,207318199,OpenStreetMap via Overpass API
Max,Max,Max,Max,Food & restaurants,,fast_food,,,,,,,Sweden,"59.3119205,18.4245711",coordinates_only,59.3119205,18.4245711,way,207411041,OpenStreetMap via Overpass API
Max,Max,Max,Max,Food & restaurants,,fast_food,,,Romgatan,2,745 37,Enköping,Sweden,Romgatan 2 745 37 Enköping Sweden,strict,59.652974,17.0812515,way,208006997,OpenStreetMap via Overpass API
Max,Max,Max,Max,Food & restaurants,,fast_food,,,Masmovägen,2,143 32,Vårby,Sweden,Masmovägen 2 143 32 Vårby Sweden,strict,59.2513026,17.8767675,way,209726500,OpenStreetMap via Overpass API
Max,Max,Max,Max,Food & restaurants,,fast_food,,,,,,,Sweden,"57.7105364,11.9325141",coordinates_only,57.7105364,11.9325141,way,216681829,OpenStreetMap via Overpass API
Max,Max,Max,,Food & restaurants,,fast_food,,,,,,,Sweden,"59.496163,17.9250481",coordinates_only,59.496163,17.9250481,way,230348189,OpenStreetMap via Overpass API
Max,Max,Max,,Food & restaurants,,fast_food,,,,,,,Sweden,"59.253057,17.8541745",coordinates_only,59.253057,17.8541745,way,233747302,OpenStreetMap via Overpass API
Max,Max,Max,Max,Food & restaurants,,fast_food,,,Handelsvägen,1,24642,Löddeköpinge,Sweden,Handelsvägen 1 24642 Löddeköpinge Sweden,strict,55.7715118,12.9884698,way,235975935,OpenStreetMap via Overpass API
Max,Max,Max,,Food & restaurants,,fast_food,,,Nydalavägen,1,57435,Vetlanda,Sweden,Nydalavägen 1 57435 Vetlanda Sweden,strict,57.4422123,15.0628479,way,249389701,OpenStreetMap via Overpass API
Max,Max,Max,,Food & restaurants,,fast_food,,,,,,,Sweden,"59.8860842,17.6673623",coordinates_only,59.8860842,17.6673623,way,252704792,OpenStreetMap via Overpass API
Max,Max,Max,Max,Food & restaurants,,fast_food,,,Norra Metallvägen,2,54139,Skövde,Sweden,Norra Metallvägen 2 54139 Skövde Sweden,strict,58.4084407,13.8747773,way,275751400,OpenStreetMap via Overpass API
Max,Max,Max,Max,Food & restaurants,,fast_food,,,Postgränd,6,,,Sweden,Postgränd 6 Sweden,usable,61.3486558,16.3884417,way,289609858,OpenStreetMap via Overpass API
Max,Max,Max,Max Hamburgerrestauranger AB,Food & restaurants,,fast_food,,,Robertsviksgatan,1,97241,Luleå,Sweden,Robertsviksgatan 1 97241 Luleå Sweden,strict,65.5900171,22.1481947,way,296075530,OpenStreetMap via Overpass API
Max,Max,Max,Max,Food & restaurants,,fast_food,,,,,,,Sweden,"58.7484965,16.9785662",coordinates_only,58.7484965,16.9785662,way,310165974,OpenStreetMap via Overpass API
Max,Max,Max,,Food & restaurants,,fast_food,,,Transportgatan,1,422 46,Hisings Backa,Sweden,Transportgatan 1 422 46 Hisings Backa Sweden,strict,57.7588021,11.9934436,way,312125289,OpenStreetMap via Overpass API
Max,Max,Max,Max Burgers AB,Food & restaurants,,fast_food,,,Tullkammargatan,8,791 31,Falun,Sweden,Tullkammargatan 8 791 31 Falun Sweden,strict,60.6043933,15.6416508,way,312994591,OpenStreetMap via Overpass API
Max,Max,Max,Max,Food & restaurants,,fast_food,,,Koppargatan,2b,,Norrköping,Sweden,Koppargatan 2b Norrköping Sweden,usable,58.6118451,16.159238,way,313681328,OpenStreetMap via Overpass API
Max,Max,Max,Max,Food & restaurants,,fast_food,,,,,,,Sweden,"57.9232682,12.5295714",coordinates_only,57.9232682,12.5295714,way,317948230,OpenStreetMap via Overpass API
Max,Max,Max,Max Hamburgerrestauranger AB,Food & restaurants,,fast_food,,,,,,,Sweden,"59.3920535,16.4658778",coordinates_only,59.3920535,16.4658778,way,325088401,OpenStreetMap via Overpass API
Max,Max,Max,Max,Food & restaurants,,fast_food,,,Armborstgatan,2,595 35,Mjölby,Sweden,Armborstgatan 2 595 35 Mjölby Sweden,strict,58.3239415,15.0896461,way,335288722,OpenStreetMap via Overpass API
Max,Max,Max,Max,Food & restaurants,,fast_food,,,Kundvägen,2,,Halmstad,Sweden,Kundvägen 2 Halmstad Sweden,usable,56.6778613,12.8035251,way,352032433,OpenStreetMap via Overpass API
Max,Max,Max,Max,Food & restaurants,,fast_food,,,Björkavägen,103,260 36,Ödåkra-Väla,Sweden,Björkavägen 103 260 36 Ödåkra-Väla Sweden,strict,56.0921378,12.7648587,way,362457442,OpenStreetMap via Overpass API
Max,Max,Max,Max,Food & restaurants,,fast_food,,,Vångavägen,6,,,Sweden,Vångavägen 6 Sweden,usable,56.0995832,12.8520527,way,367149341,OpenStreetMap via Overpass API
Max,Max,Max,Max Burgers AB,Food & restaurants,,fast_food,,,Hästhovsvägen,8,554 54,Jönköping,Sweden,Hästhovsvägen 8 554 54 Jönköping Sweden,strict,57.780716,14.2269534,way,373770061,OpenStreetMap via Overpass API
Max,Max,Max,,Food & restaurants,,fast_food,,,,,,,Sweden,"65.3207567,21.4739868",coordinates_only,65.3207567,21.4739868,way,383504812,OpenStreetMap via Overpass API
Max,Max,Max,Max,Food & restaurants,,fast_food,,,Mellangårdsvägen,6,31150,Falkenberg,Sweden,Mellangårdsvägen 6 31150 Falkenberg Sweden,strict,56.9314143,12.5183086,way,399524756,OpenStreetMap via Overpass API
Max,Max,Max,Max Hamburgerrestauranger AB,Food & restaurants,,fast_food,,,Marknadsgatan,19,90421,Umeå,Sweden,Marknadsgatan 19 90421 Umeå Sweden,strict,63.8102185,20.2503315,way,415297142,OpenStreetMap via Overpass API
Max,Max,Max,Max,Food & restaurants,,fast_food,,,,,,,Sweden,"56.8121855,13.9082853",coordinates_only,56.8121855,13.9082853,way,418286878,OpenStreetMap via Overpass API
Max,Max,Max,,Food & restaurants,,fast_food,,,Erik Norbergs väg,1,35245,Växjö,Sweden,Erik Norbergs väg 1 35245 Växjö Sweden,strict,56.8999,14.8249723,way,419087199,OpenStreetMap via Overpass API
Max,Max,Max,Max,Food & restaurants,,fast_food,,,Stenbocksvägen,2,611 67,Nyköping,Sweden,Stenbocksvägen 2 611 67 Nyköping Sweden,strict,58.7734052,17.0231992,way,436620283,OpenStreetMap via Overpass API
Max,Max,Max,Max,Food & restaurants,,fast_food,,,,,,,Sweden,"59.1883719,17.4589717",coordinates_only,59.1883719,17.4589717,way,491275497,OpenStreetMap via Overpass API
Max,Max,Max,,Food & restaurants,,fast_food,,,,,,,Sweden,"57.7686648,16.5951872",coordinates_only,57.7686648,16.5951872,way,493267481,OpenStreetMap via Overpass API
Max,Max,Max,,Food & restaurants,,fast_food,,,,,,,Sweden,"58.9152179,11.26066",coordinates_only,58.9152179,11.26066,way,571424659,OpenStreetMap via Overpass API
Max,Max,Max,Max,Food & restaurants,,fast_food,,,,,,,Sweden,"59.4602644,18.1286461",coordinates_only,59.4602644,18.1286461,way,610220636,OpenStreetMap via Overpass API
Max,Max,Max,,Food & restaurants,,fast_food,,,Emblavägen,2,19149,Sollentuna,Sweden,Emblavägen 2 19149 Sollentuna Sweden,strict,59.445414,17.9413172,way,627268743,OpenStreetMap via Overpass API
Max,Max,Max,,Food & restaurants,,fast_food,,,,,,,Sweden,"58.226836,14.6674373",coordinates_only,58.226836,14.6674373,way,687862349,OpenStreetMap via Overpass API
Max,Max,Max,,Food & restaurants,,fast_food,,,,,,,Sweden,"59.3282127,17.0166849",coordinates_only,59.3282127,17.0166849,way,780864830,OpenStreetMap via Overpass API
Max,Max,Max,Max,Food & restaurants,,fast_food,,,,,,,Sweden,"59.8438441,17.7101391",coordinates_only,59.8438441,17.7101391,way,783396193,OpenStreetMap via Overpass API
Max,Max,Max,,Food & restaurants,,fast_food,,,Viggenvägen,7,37291,Ronneby,Sweden,Viggenvägen 7 37291 Ronneby Sweden,strict,56.2317103,15.2592427,way,784828638,OpenStreetMap via Overpass API
Max,Max,Max,,Food & restaurants,,fast_food,,,Saluvägen,2,703 75,Örebro,Sweden,Saluvägen 2 703 75 Örebro Sweden,strict,59.3238309,15.2312305,way,793182127,OpenStreetMap via Overpass API
Max,Max,Max,Max,Food & restaurants,,fast_food,,,,,,,Sweden,"60.6398676,17.1419513",coordinates_only,60.6398676,17.1419513,way,805111184,OpenStreetMap via Overpass API
Max,Max,Max,Max,Food & restaurants,,fast_food,,,,2,,Hudiksvall,Sweden,2 Hudiksvall Sweden,usable,61.7149553,17.0460577,way,806178639,OpenStreetMap via Overpass API
Max,Max,Max,Max,Food & restaurants,,fast_food,,,,,,,Sweden,"59.6139443,16.5707639",coordinates_only,59.6139443,16.5707639,way,840426776,OpenStreetMap via Overpass API
Max,Max,Max,,Food & restaurants,,fast_food,,,,,,,Sweden,"55.4350621,13.8369822",coordinates_only,55.4350621,13.8369822,way,874518554,OpenStreetMap via Overpass API
Max,Max,Max,,Food & restaurants,,fast_food,,,,,,,Sweden,"56.8605303,14.8200832",coordinates_only,56.8605303,14.8200832,way,877938034,OpenStreetMap via Overpass API
Max,Max,Max,,Food & restaurants,,fast_food,,,,,,,Sweden,"55.5507712,12.9867503",coordinates_only,55.5507712,12.9867503,way,910600253,OpenStreetMap via Overpass API
Max,Max,Max,,Food & restaurants,,fast_food,,,,,,,Sweden,"59.5211048,15.9726421",coordinates_only,59.5211048,15.9726421,way,972894095,OpenStreetMap via Overpass API
Max,Max,Max,,Food & restaurants,,fast_food,,,,,,,Sweden,"59.7443353,18.6834412",coordinates_only,59.7443353,18.6834412,way,1052467406,OpenStreetMap via Overpass API
Max,Max,Max,,Food & restaurants,,fast_food,,,,,,,Sweden,"59.4885788,18.2740189",coordinates_only,59.4885788,18.2740189,way,1081533537,OpenStreetMap via Overpass API
Max,Max,Max,Max,Food & restaurants,,fast_food,,,Stortorget,25,211 34,Malmö,Sweden,Stortorget 25 211 34 Malmö Sweden,strict,55.6054698,13.000103,way,1091108910,OpenStreetMap via Overpass API
Max,Max,Max,max,Food & restaurants,,fast_food,,,Hagvägen,1C,,,Sweden,Hagvägen 1C Sweden,usable,63.1756108,14.6945355,way,1211558714,OpenStreetMap via Overpass API
Max,Max,Max,,Food & restaurants,,fast_food,,,,,,,Sweden,"58.6475615,16.169436",coordinates_only,58.6475615,16.169436,way,1235650524,OpenStreetMap via Overpass API
Max,Max,Max,Max,Food & restaurants,,fast_food,,,,,,,Sweden,"56.022586,14.1450002",coordinates_only,56.022586,14.1450002,way,1250501064,OpenStreetMap via Overpass API
Max,Max,Max,,Food & restaurants,,fast_food,,,Kolbullevägen,7,81142,Sandviken,Sweden,Kolbullevägen 7 81142 Sandviken Sweden,strict,60.6292367,16.7487664,way,1293082453,OpenStreetMap via Overpass API
Max,Max,Max,,Food & restaurants,,fast_food,,,Lundavägen,28,21218,Malmö,Sweden,Lundavägen 28 21218 Malmö Sweden,strict,55.6086751,13.0293296,way,1322655300,OpenStreetMap via Overpass API
Max,Max,Max,,Food & restaurants,,fast_food,,,Norra Hamngatan,20,411 06,Göteborg,Sweden,Norra Hamngatan 20 411 06 Göteborg Sweden,strict,57.7073311,11.9686075,way,1352425884,OpenStreetMap via Overpass API
Max,Max,Max,,Food & restaurants,,fast_food,,,,,,,Sweden,"59.6160996,17.8500654",coordinates_only,59.6160996,17.8500654,way,1357064422,OpenStreetMap via Overpass API
Max,Max,Max,,Food & restaurants,,fast_food,,,Rågsvedsvägen,104,12465,Stockholm,Sweden,Rågsvedsvägen 104 12465 Stockholm Sweden,strict,59.2573546,18.0160173,way,1384441287,OpenStreetMap via Overpass API
Max,Max,Max,,Food & restaurants,,fast_food,,,Tangentvägen,3,141 75,Kungens Kurva,Sweden,Tangentvägen 3 141 75 Kungens Kurva Sweden,strict,59.2683617,17.9214821,way,1396183181,OpenStreetMap via Overpass API
Max,Max,Max,,Food & restaurants,,fast_food,,,,,,,Sweden,"57.3230336,13.5455868",coordinates_only,57.3230336,13.5455868,way,1436276133,OpenStreetMap via Overpass API
Max,Max,Max,,Food & restaurants,,fast_food,,,,,,,Sweden,"58.1500874,13.5611405",coordinates_only,58.1500874,13.5611405,way,1447085054,OpenStreetMap via Overpass API
Max,Max,Max,,Food & restaurants,,fast_food,,,,,,,Sweden,"58.3514956,11.8110878",coordinates_only,58.3514956,11.8110878,relation,13577088,OpenStreetMap via Overpass API
Max,Maxos,,,Food & restaurants,,fast_food,,,,,,,Sweden,"59.3322965,18.0448317",coordinates_only,59.3322965,18.0448317,node,638423926,OpenStreetMap via Overpass API
Max,Maxi Restaurang,,,Food & restaurants,,restaurant,,,,,,,Sweden,"56.2748824,14.5431013",coordinates_only,56.2748824,14.5431013,node,980341018,OpenStreetMap via Overpass API
Max,Restaurang Maxi,,,Food & restaurants,,restaurant,,,,121,122 45,Enskede,Sweden,121 122 45 Enskede Sweden,usable,59.2620871,18.0839306,node,1234015487,OpenStreetMap via Overpass API
Max,Maxos,,,Food & restaurants,,fast_food,,,,,,,Sweden,"59.362225,17.970779",coordinates_only,59.362225,17.970779,node,1473340791,OpenStreetMap via Overpass API
Max,Maxim,,,Food & restaurants,,restaurant,,,Rudbecksgatan,20,702 11,Örebro,Sweden,Rudbecksgatan 20 702 11 Örebro Sweden,strict,59.2695489,15.2091415,node,2277690912,OpenStreetMap via Overpass API
Max,Maxi Pizzeria,,,Food & restaurants,,restaurant,,,Morängatan,7,41671,Göteborg,Sweden,Morängatan 7 41671 Göteborg Sweden,strict,57.7208828,12.0176215,node,4291467468,OpenStreetMap via Overpass API
Max,Max Falafel,,,Food & restaurants,,restaurant,,,Timmermansgatan,,,Norrköping,Sweden,Timmermansgatan Norrköping Sweden,usable,58.5727454,16.2119986,node,4326293367,OpenStreetMap via Overpass API
Max,Maxi Bistro,,,Food & restaurants,,cafe,,,,,,,Sweden,"62.4426711,17.3478317",coordinates_only,62.4426711,17.3478317,node,5174121313,OpenStreetMap via Overpass API
Max,Max,,,Food & restaurants,,fast_food,,,Konsumentvägen,,19268,Sollentuna,Sweden,Konsumentvägen 19268 Sollentuna Sweden,usable,59.4703422,17.9171122,node,5359150709,OpenStreetMap via Overpass API
Max,ICA Maxi,,,Food & restaurants,,cafe,,,Drottninggatan,34,341 36,Ljungby,Sweden,Drottninggatan 34 341 36 Ljungby Sweden,strict,56.8346557,13.9440529,node,5777960645,OpenStreetMap via Overpass API
Max,Maxim,,,Food & restaurants,,restaurant,,,,,,,Sweden,"61.3445697,16.0607128",coordinates_only,61.3445697,16.0607128,node,5835370860,OpenStreetMap via Overpass API
Max,Maxim,,,Food & restaurants,,restaurant,,,,,,,Sweden,"55.9343784,13.5382512",coordinates_only,55.9343784,13.5382512,node,7126594893,OpenStreetMap via Overpass API
Max,Max Falafel,,,Food & restaurants,,restaurant,,,,,,,Sweden,"58.5962078,16.1716528",coordinates_only,58.5962078,16.1716528,node,9128660434,OpenStreetMap via Overpass API
Max,Café & Restaurang ICA Maxi Kungälv,,,Food & restaurants,,restaurant,,,,,,,Sweden,"57.8745635,11.9736536",coordinates_only,57.8745635,11.9736536,node,10934099247,OpenStreetMap via Overpass API
Max,Maxim,,,Food & restaurants,,restaurant,,,,,83241,,Sweden,83241 Sweden,usable,63.1869588,14.6142297,node,12064013369,OpenStreetMap via Overpass API
Max,Max Burgers,,,Food & restaurants,,restaurant,,,Rågången,2,,,Sweden,Rågången 2 Sweden,usable,57.6480173,14.7320109,node,12480489210,OpenStreetMap via Overpass API
Max,Sushi Daily - ICA Maxi Toftanäs,,,Food & restaurants,,restaurant,,,,,,,Sweden,"55.5979264,13.0984738",coordinates_only,55.5979264,13.0984738,node,12816700826,OpenStreetMap via Overpass API
Max,Maximat cafè,,,Food & restaurants,,cafe,,,,,,,Sweden,"59.8811533,12.2882104",coordinates_only,59.8811533,12.2882104,node,13037745292,OpenStreetMap via Overpass API
Max,MAX Berga,,Max Hamburgers AB,Food & restaurants,,fast_food,,,,,,,Sweden,"56.0646931,12.7184263",coordinates_only,56.0646931,12.7184263,node,13185110711,OpenStreetMap via Overpass API
Max,ICA Maxi café,,,Food & restaurants,,cafe,,,Linggatan,25,81132,Sandviken,Sweden,Linggatan 25 81132 Sandviken Sweden,strict,60.6239672,16.7724152,node,13609820857,OpenStreetMap via Overpass API
Max,Maxi grillen,,Max,Food & restaurants,,fast_food,,,,,,,Sweden,"59.3148972,18.0733704",coordinates_only,59.3148972,18.0733704,way,141258105,OpenStreetMap via Overpass API
Max,The Plant,,Maximillian Lundin,Food & restaurants,,fast_food,,,,,,,Sweden,"59.3085063,18.0750864",coordinates_only,59.3085063,18.0750864,node,5812399573,OpenStreetMap via Overpass API
